method_id	overall_score
ground_truth	1
nn_retraining_with_pseudolabels	0.4567137157537967
scape	0.4373370386593803
pyboost	0.4333922495242826
lgc_ensemble	0.4199178151175485
jn_ap_op2	0.33304608501889327
mean_across_celltypes	0.32619329428788046
transformer_ensemble	0.30479938535038814
mean_outcome	0.30225831926577235
mean_across_compounds	0.2821673649806081
zeros	0.22239179510654825
sample	0.017866666666666666
